,series_title_long,legacy_hbomax_series_viewable_id,release_year,content_type,search_title
0,Gordita Chronicles,GYnl_JQsLosPCwgEAAACs,2022,,Gordita Chronicles
0,Gossip Girl,GYME4cgyGt6EnCgEAAAAv,2022,episode,Gossip Girl
0,Gotham Knights,GY_98Sg0MQbiWtQEAAAL3,2023,episode,Gotham Knights
1,The Great American Pastime,GYpaBIwMazJ_DPwEAAAAK,1956,,Great American Pastime
0,The Great Caruso,GYLaskw8p8rW8wwEAAAFx,1951,,Great Caruso
9,The Great Gatsby,GYLE5fgQVVcPCOAEAAAAF,2013,movie,Great Gatsby
0,The Great Pottery Throw Down,GX0gQ9AKAgr5cuAEAAAG_,2015,episode,Great Pottery
1,The Great Race,GYd3I9A3s5ke_IgEAAAau,1965,movie,Great Race
2,The Great Santini,GYS6tIgJX4sJ9qQEAAADq,1979,,Great Santini
3,The Great Ziegfeld,GYblj_Q319cIZsAEAAAJx,1936,,Great Ziegfeld
0,The Green Berets,GYS6z5wwMj7c-WgEAAACx,1968,,Green Berets
0,The Green Mile,GYC6ZiwvKE8LCMQEAAAAG,1999,movie,Green Mile
0,The Green Pastures,GXt50cgXlXcJHjQEAAAsJ,1936,,Green Pastures
0,The Grim Adventures of Billy & Mandy,GX-Tu4ge5qAexgwEAAABd,2003,episode,Grim Adventures of Billy
2,The Amazing World of Gumball: Darwin's Yearbook,GYVlC5wiHLUSdNAEAAABB,2019,,Gumball
5,A Guy Named Joe,GXt509QQlasPCwgEAAAma,1943,,Guy Named Joe
7,Hack My Life: Inside Hacks,GXjma0Qt1YY7CZgEAAA14,2017,episode,Hacks
0,Hacks,GYIBToQrPdotpNQEAAAEa,2022,episode,Hacks
8,Hairspray,GXjtShwFsq47CZgEAABBq,2007,movie,Hairspray
19,The Hangover,GYL_Z7AW4ppXCCQEAAADa,2009,movie,Hangover
51,Hank Zipzer,GYkXcyACSDmPDegEAAAAv,2015,episode,Hank Zipzer
54,Happy Endings,GYEaW8A10o7mmigEAAAA6,2011,,Happy Endings
2,Harry Potter 20th Anniversary: Return to Hogwarts,GYbzrRAvf-ZPCKQEAAAAX,2022,standalone,Harry Potter 20th Anniversary
7,Harry Potter and the Chamber of Secrets,GXssMIAadRcNMvwEAAAA7,2002,movie,Harry Potter and the Chamber of Secrets
12,Harry Potter and the Chamber of Secrets: Extended Version,GYjteqQyjLcPCDgEAAAAZ,2009,,Harry Potter and the Chamber of Secrets
46,Harry Potter and the Deathly Hallows - Part 2,GXssRwQESq8NMvwEAAABY,2011,movie,Harry Potter and the Deathly Hallows
63,Harry Potter and the Deathly Hallows Part 1,GXssRwQHfmVVGwwEAAABi,2010,movie,Harry Potter and the Deathly Hallows
0,Harry Potter and the Goblet of Fire,GXssOeAtVmlVGwwEAAABR,2005,movie,Harry Potter and the Goblet of Fire
0,Harry Potter and the Half-Blood Prince,GXssQ0A7HLFVGwwEAAABc,2009,movie,Harry Potter and the Half-Blood Prince
0,Harry Potter and the Order of the Phoenix,GXssPaAiBJ1VGwwEAAABW,2007,movie,Harry Potter and the Order of the Phoenix
0,Harry Potter and the Prisoner of Azkaban,GXssObwqZrVVGwwEAAABI,2004,movie,Harry Potter and the Prisoner of Azkaban
0,Harvey Birdman: Attorney at Law,GXyNIuAsYb8J6pQEAAAJR,2004,episode,Harvey Birdman
1,The Harvey Girls,GYS6z3Axy9KwHPgEAAAEA,1946,movie,Harvey Girls
0,The Haunting,GX07YDABMPoaMwgEAAAE1,1999,movie,Haunting
1,Haute Dog,GX2TedgOIjh6fnAEAAAFJ,2020,,Haute Dog
5,Head of the Class,GYV-McAuLRnpuvQEAAAAb,2021,,Head of the Class
0,Headless Chickens,GZCblSgklJrDCLQEAAAY6,2023,episode,Headless Chickens
0,"The Heart, She Holler",GXbonuQgsfXepwwEAABfE,2014,episode,"Heart, She Holler"
0,Hell in the Heartland: What Happened to Ashley and Lauria?,GX5Bt_Qg4qJO1kAEAAABW,2019,,Hell in the Heartland
3,The History of Comedy,GXcyUiwZdw5uAuwEAAAi0,2018,,History of Comedy
14,Hollywood Homicide,GYTms4QCoI6DDCQEAAADu,2003,,Hollywood Homicide
0,Home,GYYuNiwCbMcLDwwEAAACV,2015,,Home
34,The Honourable Woman,GYZLNlwOBoJKWWQEAAABk,2014,,Honourable Woman
35,"Hook, Line, and Sinker",GYuMHfQaHm8NewgEAAA8J,1931,,"Hook, Line"
38,Hop,GW_L3qwtOpL3DwgEAAAEl,2011,,Hop
57,The Horn Blows at Midnight,GXtqy_QCkjsJHjQEAAAi1,1945,,Horn Blows
61,House of Ho,GXvTTlQwJdcLDGQEAAAMj,2022,episode,House of Ho
64,House of Wax,GXwNxKAQgMcPDwgEAAAOh,2005,,House of Wax
69,Housing Complex C,GYxfOLQ8mwcLDwgEAAAAD,2022,episode,Housing Complex
71,How It Really Happened,GXc8iNg8iV8PCwwEAAAgr,2019,,How It Really Happened
74,How We Get Free,GZRasKAftl8JMRAEAABC2,2023,,How We Get Free
75,The Howard Stern Interview: Bruce Springsteen,GY3f-0gm-acPCLwEAAAEf,2022,standalone,Howard Stern Interview
79,The Hunger,GXrHplwxiBMPCwwEAAAAc,1983,,Hunger
84,The Hunt with John Walsh,GXdgqLgOOA8PCwwEAADOd,2015,,Hunt with
90,I Hate Suzie,GX6MziQh41pYSwwEAAAK4,2022,episode,I Hate Suzie
92,The Ice Pirates,GYd3IpQVnzQPCwgEAAAYi,1984,,Ice Pirates
93,In the Heights,GYK0x7gXCza4OwwEAAADl,2021,movie,In the Heights
95,Infinity Train,GXkNXsArG_o7CZgEAABfH,2018,,Infinity Train
96,The Informer,GX07ZOAPNt4aMwgEAAAFv,1935,,Informer
97,The Carbonaro Effect: Inside Carbonaro,GXbGoFQcNI4NiYAEAAAV4,2018,episode,Inside Carbonaro
98,Inside Evil with Chris Cuomo,GXdRL2A375aXCPQEAABEZ,2019,,Inside Evil
102,The Invisible War,GX25_nQyGio1IugEAAAMU,2012,movie,Invisible War
103,The Iron Giant,GXrHplwuS-sPCwwEAAAAb,1999,movie,Iron Giant
0,It,GX_dBIw6UfcLCRAEAAAAC,1990,,It
116,I Don't Like Driving,GY5xSiw05Ha-1mgEAAAas,2023,episode,Like Driving
117,Howl's Moving Castle,GXrHR0QRNbnUYOAEAAABB,2004,movie,Moving Castle
118,Gremlins: Secrets of the Mogwai,GZC2nUQuQLJSgigEAABQi,2023,episode,Secrets of the Mogwai
121,The House,GYW8XhA7iuq27iQEAAAHT,2017,movie,The House
135,"Greystoke: The Legend of Tarzan, Lord of the Apes",GYGMCbQJkX8PCDAEAAAAK,1984,movie,The Legend of Tarzan